{
    "version": "2.0",
    "timestamp": "2026-03-09 21:04:19",
    "waypointCount": 3,
    "waypoints": [
        {
            "id": "7d467feb-5708-4ee7-83c7-49b643ef253b",
            "name": "Entrada / Salida",
            "type": 1,
            "position": {
                "x": 5.619339942932129,
                "y": 0.0,
                "z": -2.622380018234253
            },
            "rotation": {
                "x": 0.0,
                "y": 0.0,
                "z": 0.0,
                "w": 1.0
            },
            "color": {
                "r": 0.0,
                "g": 1.0,
                "b": 0.0,
                "a": 0.800000011920929
            },
            "height": 0.5,
            "radius": 0.15000000596046449,
            "description": "",
            "isNavigable": true
        },
        {
            "id": "7a9b0c52-8e78-4dd3-8db9-bc628ae3885e",
            "name": "Habitación 2° Piso",
            "type": 5,
            "position": {
                "x": 3.200000047683716,
                "y": 3.4800000190734865,
                "z": -3.259999990463257
            },
            "rotation": {
                "x": 0.0,
                "y": 0.0,
                "z": 0.0,
                "w": 1.0
            },
            "color": {
                "r": 0.800000011920929,
                "g": 0.4000000059604645,
                "b": 0.800000011920929,
                "a": 0.800000011920929
            },
            "height": 0.5,
            "radius": 0.15000000596046449,
            "description": "",
            "isNavigable": true
        },
        {
            "id": "0b8a6f9a-899e-42c6-adc7-907d0e839b8d",
            "name": "Waypoint_3",
            "type": 0,
            "position": {
                "x": -2.740000009536743,
                "y": 0.5,
                "z": -2.1242809295654299
            },
            "rotation": {
                "x": 0.0,
                "y": 0.0,
                "z": 0.0,
                "w": 1.0
            },
            "color": {
                "r": 0.0,
                "g": 1.0,
                "b": 1.0,
                "a": 1.0
            },
            "height": 0.5,
            "radius": 0.15000000596046449,
            "description": "",
            "isNavigable": true
        }
    ],
    "hasModel": true,
    "modelName": "Biblioteca_F_V2",
    "modelPosition": {
        "x": 0.0,
        "y": 0.0,
        "z": 0.0
    },
    "modelRotation": {
        "x": 0.0,
        "y": 0.0,
        "z": 0.0,
        "w": 1.0
    },
    "modelScale": 1.0,
    "hasNavMesh": true
}