{
    "version": "7.1",
    "timestamp": "2026-03-01 21:32:02",
    "modelPosition": {
        "x": 0.0,
        "y": 0.0,
        "z": 0.0
    },
    "modelRotation": {
        "x": 0.0,
        "y": 0.0,
        "z": 0.0,
        "w": 1.0
    },
    "modelScale": 1.0,
    "agentTypeID": 0,
    "agentRadius": 0.20000000298023225,
    "agentHeight": 1.2999999523162842,
    "agentSlope": 60.0,
    "agentClimb": 0.10000000149011612,
    "totalVertexCount": 2175,
    "levelCount": 2,
    "totalNavMeshArea": 831.1812744140625,
    "unifiedBinFile": "navmesh_unified.bin",
    "unifiedVertexCount": 2175,
    "unifiedIndexCount": 6315,
    "unifiedAreaCount": 2105,
    "levels": [
        {
            "levelIndex": 0,
            "minY": -0.99003005027771,
            "maxY": 2.769969940185547,
            "vertexCount": 1215,
            "indexCount": 0,
            "areaCount": 0,
            "binFile": "",
            "nativeBinFile": "",
            "navMeshArea": 0.0
        },
        {
            "levelIndex": 1,
            "minY": 2.769969940185547,
            "maxY": 5.3649702072143559,
            "vertexCount": 859,
            "indexCount": 0,
            "areaCount": 0,
            "binFile": "",
            "nativeBinFile": "",
            "navMeshArea": 0.0
        }
    ],
    "navMeshMinY": 0.009969934821128846,
    "navMeshMaxY": 5.989969730377197,
    "vertexCount": 2175,
    "indexCount": 6315,
    "areaCount": 2105,
    "navMeshArea": 831.1812744140625
}