{
    "version": "2.0",
    "timestamp": "2026-03-10 21:58:21",
    "waypointCount": 5,
    "waypoints": [
        {
            "id": "7d467feb-5708-4ee7-83c7-49b643ef253b",
            "name": "Entrada / Salida",
            "type": 1,
            "position": {
                "x": 5.619339942932129,
                "y": 0.0,
                "z": -2.622380018234253
            },
            "rotation": {
                "x": 0.0,
                "y": 0.0,
                "z": 0.0,
                "w": 1.0
            },
            "color": {
                "r": 0.0,
                "g": 1.0,
                "b": 0.0,
                "a": 0.800000011920929
            },
            "height": 0.5,
            "radius": 0.15000000596046449,
            "description": "",
            "isNavigable": true
        },
        {
            "id": "7a9b0c52-8e78-4dd3-8db9-bc628ae3885e",
            "name": "Habitación 2° Piso",
            "type": 5,
            "position": {
                "x": 3.200000047683716,
                "y": 3.4800000190734865,
                "z": -3.259999990463257
            },
            "rotation": {
                "x": 0.0,
                "y": 0.0,
                "z": 0.0,
                "w": 1.0
            },
            "color": {
                "r": 0.800000011920929,
                "g": 0.4000000059604645,
                "b": 0.800000011920929,
                "a": 0.800000011920929
            },
            "height": 0.5,
            "radius": 0.15000000596046449,
            "description": "",
            "isNavigable": true
        },
        {
            "id": "0b8a6f9a-899e-42c6-adc7-907d0e839b8d",
            "name": "Recepcion piso 1",
            "type": 0,
            "position": {
                "x": -2.180000066757202,
                "y": 0.5,
                "z": 0.6499999761581421
            },
            "rotation": {
                "x": 0.0,
                "y": 0.0,
                "z": 0.0,
                "w": 1.0
            },
            "color": {
                "r": 0.0,
                "g": 1.0,
                "b": 1.0,
                "a": 1.0
            },
            "height": 0.5,
            "radius": 0.15000000596046449,
            "description": "",
            "isNavigable": true
        },
        {
            "id": "701bc8a2-200d-41da-aaa4-9f6f5809d593",
            "name": "Muebles Piso 1",
            "type": 0,
            "position": {
                "x": -1.8170000314712525,
                "y": 0.5,
                "z": -9.29699993133545
            },
            "rotation": {
                "x": 0.0,
                "y": 0.0,
                "z": 0.0,
                "w": 1.0
            },
            "color": {
                "r": 0.0,
                "g": 1.0,
                "b": 1.0,
                "a": 1.0
            },
            "height": 0.5,
            "radius": 0.15000000596046449,
            "description": "",
            "isNavigable": true
        },
        {
            "id": "616df573-51e2-4507-b530-f2bb1d198744",
            "name": "Zona descanso piso 1",
            "type": 0,
            "position": {
                "x": -4.619999885559082,
                "y": 0.5,
                "z": 4.46999979019165
            },
            "rotation": {
                "x": 0.0,
                "y": 0.0,
                "z": 0.0,
                "w": 1.0
            },
            "color": {
                "r": 0.0,
                "g": 1.0,
                "b": 1.0,
                "a": 1.0
            },
            "height": 0.5,
            "radius": 0.15000000596046449,
            "description": "",
            "isNavigable": true
        }
    ],
    "hasModel": true,
    "modelName": "Biblioteca_F_V2 1",
    "modelPosition": {
        "x": 0.0,
        "y": 0.0,
        "z": 0.0
    },
    "modelRotation": {
        "x": 0.0,
        "y": 0.0,
        "z": 0.0,
        "w": 1.0
    },
    "modelScale": 1.0,
    "hasNavMesh": true
}