{
    "version": "7.1",
    "timestamp": "2026-03-08 15:02:34",
    "modelPosition": {
        "x": 0.0,
        "y": 0.0,
        "z": 0.0
    },
    "modelRotation": {
        "x": 0.0,
        "y": 0.0,
        "z": 0.0,
        "w": 1.0
    },
    "modelScale": 1.0,
    "agentTypeID": 0,
    "agentRadius": 0.20000000298023225,
    "agentHeight": 1.2999999523162842,
    "agentSlope": 60.0,
    "agentClimb": 0.10000000149011612,
    "totalVertexCount": 2201,
    "levelCount": 2,
    "totalNavMeshArea": 825.4419555664063,
    "unifiedBinFile": "navmesh_unified.bin",
    "unifiedVertexCount": 2201,
    "unifiedIndexCount": 6411,
    "unifiedAreaCount": 2137,
    "levels": [
        {
            "levelIndex": 0,
            "minY": -0.99003005027771,
            "maxY": 1.389969825744629,
            "vertexCount": 1193,
            "indexCount": 0,
            "areaCount": 0,
            "binFile": "",
            "nativeBinFile": "",
            "navMeshArea": 0.0
        },
        {
            "levelIndex": 1,
            "minY": 1.389969825744629,
            "maxY": 2.769969940185547,
            "vertexCount": 106,
            "indexCount": 0,
            "areaCount": 0,
            "binFile": "",
            "nativeBinFile": "",
            "navMeshArea": 0.0
        }
    ],
    "navMeshMinY": 0.009969934821128846,
    "navMeshMaxY": 5.989969730377197,
    "vertexCount": 2201,
    "indexCount": 6411,
    "areaCount": 2137,
    "navMeshArea": 825.4419555664063
}